name,dates,lang,exam_date,return_date,link,days_inbetween,reporter,semester,comment,Column
Banking,12/18/2019 14:30 → 01/13/2020 16:16,de,"Dec 18, 2019 2:30 PM","Jan 13, 2020 4:16 PM",https://bestande.ch/uzh/50788956,26,MoneyBillstax,20192,,"Jan 16, 2020 1:27 PM"
Advanced Statistics,01/13/2020 18:00 → 01/16/2020 13:00,de,"Jan 13, 2020 6:00 PM","Jan 16, 2020 1:00 PM",https://bestande.ch/uzh/50942119/timetable,2,lichthofhipster10,20192,,"Jan 16, 2020 1:27 PM"
Human-Computer Interaction,01/07/2020 14:00 → 01/13/2020 13:30,en,"Jan 7, 2020 2:00 PM","Jan 13, 2020 1:30 PM",https://bestande.ch/uzh/50793285,5,ThatShouldBeTrivial666,20192,,"Jan 16, 2020 1:27 PM"
Services & Operations Management,01/07/2020 15:45 → 01/14/2020 13:46,de,"Jan 7, 2020 3:45 PM","Jan 14, 2020 1:46 PM",https://bestande.ch/uzh/50728388/chat,6,Lichthofenthusiast7,20192,,"Jan 16, 2020 1:27 PM"
International Tax Planning,12/17/2019 20:00 → 01/09/2020 15:18,en,"Dec 17, 2019 8:00 PM","Jan 9, 2020 3:18 PM",https://bestande.ch/uzh/50436548,22,Bibliothekwoman1,20192,,"Jan 16, 2020 1:27 PM"
Mathematik I,12/16/2019 18:30 → 01/14/2020 13:42,de,"Dec 16, 2019 6:30 PM","Jan 14, 2020 1:42 PM",https://bestande.ch/uzh/50038004/chat,28,Lena1999,20192,,"Jan 16, 2020 1:27 PM"
Einführung in die empirische Wirtschaftsforschung,12/17/2019 12:00 → 01/14/2020 13:32,de,"Dec 17, 2019 12:00 PM","Jan 14, 2020 1:32 PM",https://bestande.ch/uzh/50047387/chat,28,keiahni,20192,,"Jan 16, 2020 1:27 PM"
Introduction to Bioinformatics,12/17/2019 9:45 → 01/15/2020 13:59,en,"Dec 17, 2019 9:45 AM","Jan 15, 2020 1:59 PM",https://bestande.ch/uzh/50858977/chat,29,FBI,20192,,"Jan 16, 2020 1:27 PM"
Core Area: Media Content & Media Use,12/13/2019 13:45 → 01/07/2020 8:06,de,"Dec 13, 2019 1:45 PM","Jan 7, 2020 8:06 AM",https://bestande.ch/uzh/50942155/chat,24,butwhywouldyou,20192,"Prüfung am 13.12.2019, Rückgabe am 7.1.2020. Gemeldet von butwhywouldyou im Bestande-Chat. Wiederholungsprüfung war am 17.1.20, Resultate kamen am 31.1.20 (14 Tage). Gemeldet von newsdepriviert im Bestande-Chat.","Jan 16, 2020 2:01 PM"
Advanced Statistics and Data Analysis,12/17/2019 13:45 → 01/06/2020 21:37,de,"Dec 17, 2019 1:45 PM","Jan 6, 2020 9:37 PM",https://bestande.ch/uzh/50942151/chat,20,publis,20192,,"Jan 16, 2020 2:13 PM"
Consumer Behavior in the Digital Age (L),12/18/2019 14:00 → 01/06/2020 16:37,en,"Dec 18, 2019 2:00 PM","Jan 6, 2020 4:37 PM",https://bestande.ch/uzh/50890120/chat,19,züriHipster18,20192,,"Jan 16, 2020 2:15 PM"
Mathematik I,12/17/2018 18:30 → 01/08/2019 7:00,de,"Dec 17, 2018 6:30 PM","Jan 8, 2019 7:00 AM",https://bestande.ch/uzh/50038004/chat,21,SwissMiss,20182,,"Jan 16, 2020 2:17 PM"
Advanced Managerial Accounting,12/16/2019 14:00 → 12/20/2019 13:32,de,"Dec 16, 2019 2:00 PM","Dec 20, 2019 1:32 PM",https://bestande.ch/uzh/50634528/timetable,3,dürüm,20192,,"Jan 16, 2020 2:21 PM"
Core Area: Media Production & Media Management,12/12/2019 13:45 → 12/20/2019 16:21,de,"Dec 12, 2019 1:45 PM","Dec 20, 2019 4:21 PM",https://bestande.ch/uzh/50942166/chat,8,Elza,20192,,"Jan 16, 2020 2:26 PM"
Academic Work,12/10/2019 13:45 → 12/20/2019 15:40,de,"Dec 10, 2019 1:45 PM","Dec 20, 2019 3:40 PM",https://bestande.ch/uzh/50942163/chat,10,newsdepriviert,20192,,"Jan 16, 2020 2:27 PM"
Core Area: Media Politics & Media Economics,12/11/2019 18:00 → 12/20/2019 15:40,de,"Dec 11, 2019 6:00 PM","Dec 20, 2019 3:40 PM",https://bestande.ch/uzh/50942154/HS19,8,newsdepriviert,20192,,"Jan 16, 2020 2:30 PM"
Empirical Methods,01/13/2020 12:00 → 01/16/2020 16:48,en,"Jan 13, 2020 12:00 PM","Jan 16, 2020 4:48 PM",https://bestande.ch/uzh/50377285/chat,3,chicha94,20192,,"Jan 16, 2020 2:44 PM"
Einführung in das wissenschaftliche Arbeiten,11/21/2019 15:45 → 12/17/2019 10:43,de,"Nov 21, 2019 3:45 PM","Dec 17, 2019 10:43 AM",https://bestande.ch/uzh/50789189/chat,25,psychodoktor98,20192,,"Jan 16, 2020 2:44 PM"
Einführung in die Wirtschaftsprüfung,12/19/2019 14:00 → 01/16/2020 16:23,en,"Dec 19, 2019 2:00 PM","Jan 16, 2020 4:23 PM",https://bestande.ch/uzh/50491823/chat,28,hallo123,20192,,"Jan 16, 2020 3:29 PM"
Mikroökonomik I,12/19/2018 16:00 → 01/31/2019 7:00,de,"Dec 19, 2018 4:00 PM","Jan 31, 2019 7:00 AM",https://bestande.ch/uzh/50038002,42,lichthofMan4,20182,,"Jan 16, 2020 6:05 PM"
Online Audiences,12/19/2019 18:00 → 01/17/2020 11:26,en,"Dec 19, 2019 6:00 PM","Jan 17, 2020 11:26 AM",https://bestande.ch/uzh/50960502/chat,28,BwlAficionado11,20192,,"Jan 18, 2020 11:54 PM"
Informatik I,12/18/2019 10:30 → 01/20/2020 6:04,de,"Dec 18, 2019 10:30 AM","Jan 20, 2020 6:04 AM",https://bestande.ch/uzh/50791765/chat,32,ramapitekus1,20192,Prüfung am 18.12.2019. Offizielle Noten am 20.1.2020 auf OLAT. Punktezahl bereits am 17.1.2020 auf OLAT.,"Jan 18, 2020 11:58 PM"
Gesundheitspsychologie,12/17/2019 13:45 → 01/20/2020 12:25,de,"Dec 17, 2019 1:45 PM","Jan 20, 2020 12:25 PM",https://bestande.ch/uzh/50942330/chat,33,mrsf1,20192,,"Jan 18, 2020 11:58 PM"
Psychologische Diagnostik,12/17/2019 12:00 → 01/20/2020 12:24,de,"Dec 17, 2019 12:00 PM","Jan 20, 2020 12:24 PM",https://bestande.ch/uzh/50942329/chat,34,mrsf1,20192,,"Jan 20, 2020 12:31 PM"
Statistik 3,12/19/2019 18:00 → 01/20/2020 12:24,de,"Dec 19, 2019 6:00 PM","Jan 20, 2020 12:24 PM",https://bestande.ch/uzh/50942328/timetable,31,mrsf1,20192,,"Jan 20, 2020 12:33 PM"
Personell Economics,01/07/2020 10:00 → 01/20/2020 11:27,en,"Jan 7, 2020 10:00 AM","Jan 20, 2020 11:27 AM",https://bestande.ch/uzh/50377301/stats,13,AwesomeDude19,20192,,"Jan 20, 2020 12:47 PM"
Writing Skills and Media Analysis,12/17/2019 13:45 → 01/17/2020 7:00,en,"Dec 17, 2019 1:45 PM","Jan 17, 2020 7:00 AM",https://bestande.ch/uzh/50941671/HS19/chat,30,avocadont,20192,,"Jan 20, 2020 12:49 PM"
Financial Statement Analysis,01/13/2020 14:00 → 01/20/2020 16:24,de,"Jan 13, 2020 2:00 PM","Jan 20, 2020 4:24 PM",https://bestande.ch/uzh/50046400/HS19/chat,7,DeinUsername,20192,,"Jan 21, 2020 9:03 PM"
UWW 273 Introduction to Theoretical Ecology,12/17/2019 12:00 → 01/21/2020 14:13,en,"Dec 17, 2019 12:00 PM","Jan 21, 2020 2:13 PM",https://bestande.ch/uzh/50799104/HS19/timetable,35,blyatman69,20192,,"Jan 21, 2020 9:06 PM"
Topics in Open Economy Macroeconomics (L),01/06/2020 15:45 → 01/21/2020 14:51,en,"Jan 6, 2020 3:45 PM","Jan 21, 2020 2:51 PM",https://bestande.ch/uzh/50953666/HS19,14,psychodude11,20192,,"Jan 21, 2020 9:11 PM"
Mikroökonomik II,12/20/2019 10:00 → 01/21/2020 14:48,de,"Dec 20, 2019 10:00 AM","Jan 21, 2020 2:48 PM",https://bestande.ch/uzh/50789101/chat,32,herzli,20192,,"Jan 21, 2020 9:14 PM"
UWW 221 Species Interactions and Biodiversity,12/16/2019 12:00 → 01/21/2020 15:35,en,"Dec 16, 2019 12:00 PM","Jan 21, 2020 3:35 PM",https://bestande.ch/uzh/50957658/chat,36,blyatman69,20192,,"Jan 21, 2020 9:17 PM"
Identity and Mass Media,12/17/2019 15:45 → 01/21/2020 16:23,de,"Dec 17, 2019 3:45 PM","Jan 21, 2020 4:23 PM",https://bestande.ch/uzh/50962006/timetable,35,Librarygirl4,20192,,"Jan 21, 2020 9:20 PM"
Advanced Macroeconomics (L+E),01/07/2020 10:00 → 01/21/2020 21:42,en,"Jan 7, 2020 10:00 AM","Jan 21, 2020 9:42 PM",https://bestande.ch/uzh/50450169,14,2020Han Guoyu,20192,,"Jan 21, 2020 9:22 PM"
"Takeovers, Restructuring, and Corporate Governance (S)",01/13/2020 12:00 → 01/21/2020 21:08,de,"Jan 13, 2020 12:00 PM","Jan 21, 2020 9:08 PM",https://bestande.ch/uzh/50526110/timetable,8,Dud,20192,,"Jan 21, 2020 9:24 PM"
Persuasion Research I: Effects of strategic Communication,12/10/2019 18:00 → 01/21/2020 21:51,de,"Dec 10, 2019 6:00 PM","Jan 21, 2020 9:51 PM",https://bestande.ch/uzh/50960384/chat,42,abweseheitsgenie,20192,,"Jan 21, 2020 9:25 PM"
BIO 344 Development of the Nervous System,01/08/2020 12:00 → 01/21/2020 11:30,de,"Jan 8, 2020 12:00 PM","Jan 21, 2020 11:30 AM",https://bestande.ch/uzh/50354215/chat,12,Nervenflattern,20192,,"Jan 21, 2020 9:52 PM"
Medicinal Chemistry,01/10/2020 12:00 → 01/21/2020 12:00,de,"Jan 10, 2020 12:00 PM","Jan 21, 2020 12:00 PM",https://bestande.ch/uzh/50772478/chat,11,@realDonaldTrump,20192,,"Jan 21, 2020 11:00 PM"
People-Oriented Computing,12/18/2019 13:45 → 01/22/2020 10:56,de,"Dec 18, 2019 1:45 PM","Jan 22, 2020 10:56 AM",https://bestande.ch/uzh/50793298/chat,34,MensaBoy0,20192,,"Jan 22, 2020 1:02 PM"
Computational Economics and Finance (L),09/13/2019 0:00 → 01/22/2020 17:10,de,"Sep 13, 2019 12:00 AM","Jan 22, 2020 5:10 PM",https://bestande.ch/uzh/50432270,131,EazyPeazy,20192,,"Jan 22, 2020 1:10 PM"
Einführung in die Ethik für Wirtschaftswissenschaftler/innen,01/15/2020 18:00 → 01/22/2020 20:32,de,"Jan 15, 2020 6:00 PM","Jan 22, 2020 8:32 PM",https://bestande.ch/uzh/50491072/chat,7,marsellus wallace,20192,,"Jan 23, 2020 12:01 PM"
MAT 101 Programming,01/20/2020 12:00 → 01/23/2020 10:26,de,"Jan 20, 2020 12:00 PM","Jan 23, 2020 10:26 AM",https://bestande.ch/uzh/50648594,2,Buddha,20192,,"Jan 23, 2020 12:04 PM"
Numerical Methods in Informatics (L+E),01/07/2020 10:00 → 01/23/2020 11:20,en,"Jan 7, 2020 10:00 AM","Jan 23, 2020 11:20 AM",https://bestande.ch/uzh/50792084/chat,16,anonymous0,20192,,"Jan 23, 2020 12:05 PM"
Personal Branding and Digital Marketing,01/14/2020 18:00 → 01/23/2020 12:01,de,"Jan 14, 2020 6:00 PM","Jan 23, 2020 12:01 PM",https://bestande.ch/uzh/50956674/chat,8,shizzles,20192,,"Jan 23, 2020 12:07 PM"
Corporate Finance,01/07/2020 10:00 → 01/23/2020 13:43,de,"Jan 7, 2020 10:00 AM","Jan 23, 2020 1:43 PM",https://bestande.ch/uzh/50044544/chat,16,Friedrich Engels,20192,,"Jan 23, 2020 12:13 PM"
Market-Consistent Valuation (L),01/08/2020 9:45 → 01/24/2020 16:35,en,"Jan 8, 2020 9:45 AM","Jan 24, 2020 4:35 PM",https://bestande.ch/uzh/50940629/chat,16,@bQm,20192,,"Jan 23, 2020 1:44 PM"
BIO 220 Linear models in R: from LM to GLMM,12/20/2019 17:00 → 01/24/2020 13:20,en,"Dec 20, 2019 5:00 PM","Jan 24, 2020 1:20 PM",https://bestande.ch/uzh/50961374/timetable,34,merkur12,20192,,"Jan 24, 2020 5:28 PM"
BWL III,12/19/2018 17:30 → 01/31/2019 7:00,de,"Dec 19, 2018 5:30 PM","Jan 31, 2019 7:00 AM",https://bestande.ch/uzh/50046381/chat,42,agglozürcher,20182,,"Jan 24, 2020 5:30 PM"
Asset Management,01/14/2020 18:00 → 01/24/2020 17:31,de,"Jan 14, 2020 6:00 PM","Jan 24, 2020 5:31 PM",https://bestande.ch/uzh/50722922/chat,9,Arrekusu,20192,,"Jan 24, 2020 5:32 PM"
BWL III,12/18/2019 17:30 → 01/27/2020 8:10,de,"Dec 18, 2019 5:30 PM","Jan 27, 2020 8:10 AM",https://bestande.ch/uzh/50046381/chat,39,Asvzmaster6,20192,,"Jan 24, 2020 5:35 PM"
A primer in Entrepreneurship,12/16/2019 13:45 → 01/27/2020 10:28,de,"Dec 16, 2019 1:45 PM","Jan 27, 2020 10:28 AM",https://bestande.ch/uzh/50427958/chat,41,VorlesungsEnthusiast7,20192,,"Jan 28, 2020 8:59 PM"
GEO 231 Physical Geography III,01/07/2020 10:00 → 01/27/2020 17:08,de,"Jan 7, 2020 10:00 AM","Jan 27, 2020 5:08 PM",https://bestande.ch/uzh/50740249,20,asvzbanana16,20192,,"Jan 28, 2020 9:10 PM"
GEO 111 Physical Geography I,01/06/2020 11:00 → 01/27/2020 17:51,de,"Jan 6, 2020 11:00 AM","Jan 27, 2020 5:51 PM",https://bestande.ch/uzh/50738686/timetable,21,bibliothekstar3,20192,,"Jan 28, 2020 9:12 PM"
Financial Accounting,12/20/2019 13:00 → 01/28/2020 8:17,de,"Dec 20, 2019 1:00 PM","Jan 28, 2020 8:17 AM",https://bestande.ch/uzh/50038001/chat,38,kooler boomer,20192,,"Jan 28, 2020 9:14 PM"
Informatik und Wirtschaft,12/17/2019 16:00 → 01/28/2020 8:20,de,"Dec 17, 2019 4:00 PM","Jan 28, 2020 8:20 AM",https://bestande.ch/uzh/50792030/chat,41,MensaBoy0,20192,,"Jan 28, 2020 9:20 PM"
Mikroökonomik I,12/19/2019 16:00 → 01/28/2020 8:22,de,"Dec 19, 2019 4:00 PM","Jan 28, 2020 8:22 AM",https://bestande.ch/uzh/50038002/stats,39,Lena1999,20192,,"Jan 28, 2020 9:21 PM"
Umwelt- und Ressourcenökonomik,01/09/2020 9:45 → 01/28/2020 13:16,de,"Jan 9, 2020 9:45 AM","Jan 28, 2020 1:16 PM",https://bestande.ch/uzh/50019498/chat,19,Friedrich Engels,20192,,"Jan 28, 2020 9:23 PM"
Aktuelle Probleme der Schweizer Wirtschaftspolitik,01/15/2020 18:00 → 01/28/2020 13:41,de,"Jan 15, 2020 6:00 PM","Jan 28, 2020 1:41 PM",https://bestande.ch/uzh/50691194/chat,12,Polymaster9,20192,,"Jan 28, 2020 9:26 PM"
Geschichte - Erinnerung - Gegenwart,12/17/2019 15:45 → 01/28/2020 15:14,de,"Dec 17, 2019 3:45 PM","Jan 28, 2020 3:14 PM",https://bestande.ch/uzh/50960950/chat,41,babedibup,20192,,"Jan 28, 2020 9:27 PM"
From Strategy to Image - the Secrets of Successful Brand Communication,12/19/2019 18:00 → 01/28/2020 16:24,de,"Dec 19, 2019 6:00 PM","Jan 28, 2020 4:24 PM",https://bestande.ch/uzh/50960510/chat,39,philoDoktor13,20192,,"Jan 28, 2020 9:28 PM"
Banking (VU),01/08/2020 16:00 → 01/28/2020 17:32,de,"Jan 8, 2020 4:00 PM","Jan 28, 2020 5:32 PM",https://bestande.ch/uzh/50618040/chat,20,Arrekusu,20192,,"Jan 28, 2020 9:34 PM"
Mikroökonomik für Informatikstudierende (V+Ü) (Microeconomics for Informatics),12/19/2019 15:20 → 01/28/2020 8:23,de,"Dec 19, 2019 3:20 PM","Jan 28, 2020 8:23 AM",https://bestande.ch/uzh/50792975/chat,39,MensaBoy0,20192,,"Jan 28, 2020 9:36 PM"
CSCW,01/16/2020 12:00 → 01/29/2020 14:51,en,"Jan 16, 2020 12:00 PM","Jan 29, 2020 2:51 PM",https://bestande.ch/uzh/50525765/chat,13,MensaKritiker,20192,,"Jan 28, 2020 9:41 PM"
Arbeitsmarktökonomik,01/15/2020 12:00 → 01/29/2020 16:12,de,"Jan 15, 2020 12:00 PM","Jan 29, 2020 4:12 PM",https://bestande.ch/uzh/50890119/chat,14,Asvzmaster6,20192,,"Jan 29, 2020 2:52 PM"
Governance (Seminar),12/19/2019 13:45 → 01/29/2020 15:47,en,"Dec 19, 2019 1:45 PM","Jan 29, 2020 3:47 PM",https://bestande.ch/uzh/50942103/chat,41,agglozürcher,20192,,"Jan 29, 2020 6:48 PM"
Lobster,01/18/2020 13:45 → 01/29/2020 14:14,de,"Jan 18, 2020 1:45 PM","Jan 29, 2020 2:14 PM",https://bestande.ch/uzh/50941876/chat,11,Lobster,20192,,"Jan 29, 2020 6:50 PM"
Asset Management: Advanced Investments,01/06/2020 16:00 → 01/29/2020 12:12,en,"Jan 6, 2020 4:00 PM","Jan 29, 2020 12:12 PM",https://bestande.ch/uzh/50873093/chat,22,zürihipster0,20192,,"Jan 29, 2020 6:53 PM"
Europa im Spätmittelalter,12/19/2019 12:00 → 01/29/2020 11:00,de,"Dec 19, 2019 12:00 PM","Jan 29, 2020 11:00 AM",https://bestande.ch/uzh/50960942/chat,40,Ehrentourist12,20192,,"Jan 29, 2020 6:55 PM"
Global Strategic Management (L+E),01/16/2020 12:00 → 01/29/2020 10:00,en,"Jan 16, 2020 12:00 PM","Jan 29, 2020 10:00 AM",https://bestande.ch/uzh/50637569,12,LernDoktorin1,20192,,"Jan 29, 2020 6:56 PM"
"BIO 132 Microbiology, Immunology, Virology",01/16/2020 15:00 → 01/30/2020 10:21,de,"Jan 16, 2020 3:00 PM","Jan 30, 2020 10:21 AM",https://bestande.ch/uzh/50033813,13,TheAvocado,20192,,"Jan 29, 2020 7:04 PM"
Wirtschaftsgeschichte: Europa im 19. Jahrhundert (V)(Economic History: Europe in the 19th century),01/07/2020 9:45 → 01/31/2020 9:19,de,"Jan 7, 2020 9:45 AM","Jan 31, 2020 9:19 AM",https://bestande.ch/uzh/50791986,23,Polymaster9,20192,,"Jan 29, 2020 7:04 PM"
Wirtschaftsinformatik II (V+Ü) (Business Informatics II),01/17/2020 12:00 → 01/31/2020 8:32,de,"Jan 17, 2020 12:00 PM","Jan 31, 2020 8:32 AM",https://bestande.ch/uzh/50840772/timetable,13,DTX,20192,,"Jan 31, 2020 12:47 PM"
BCH 211 Exercise tutorial Biochemistry,12/18/2019 13:00 → 01/31/2020 11:02,de,"Dec 18, 2019 1:00 PM","Jan 31, 2020 11:02 AM",https://bestande.ch/uzh/50458265/chat,43,biomed,20192,"Letzte Veranstaltung am 19.12, Bewertung draussen am 31.1. Gemeldet von biomed im Bestande-Chat","Jan 31, 2020 12:49 PM"
BCH 420 Advanced Protein Engineering,01/14/2020 15:30 → 01/31/2020 12:36,de,"Jan 14, 2020 3:30 PM","Jan 31, 2020 12:36 PM",https://bestande.ch/uzh/50369447/chat,16,@realDonaldTrump,20192,,"Jan 31, 2020 12:52 PM"
Behavioral Theory (L+E),01/14/2020 12:00 → 01/31/2020 14:21,de,"Jan 14, 2020 12:00 PM","Jan 31, 2020 2:21 PM",https://bestande.ch/uzh/50907184/timetable,17,andi,20192,,"Jan 31, 2020 1:04 PM"
How to manage an IT Company (L),11/30/2019 17:30 → 01/31/2020 14:36,de,"Nov 30, 2019 5:30 PM","Jan 31, 2020 2:36 PM",https://bestande.ch/uzh/50911145/timetable,61,Polyinfluencer20,20192,,"Jan 31, 2020 2:25 PM"
PHY 117,01/15/2020 15:00 → 02/02/2020 11:50,de,"Jan 15, 2020 3:00 PM","Feb 2, 2020 11:50 AM",http://bestande.ch/uzh/50747139,17,liliphys36,20192,,"Jan 31, 2020 5:23 PM"
BCH 201,01/21/2020 12:00 → 02/03/2020 9:13,de,"Jan 21, 2020 12:00 PM","Feb 3, 2020 9:13 AM",https://bestande.ch/uzh/50784744/chat,12,biomed,20192,,"Feb 3, 2020 11:25 AM"
Startup Seminar Banking & Finance 2.0 (S),12/04/2019 21:00 → 02/03/2020 11:29,de,"Dec 4, 2019 9:00 PM","Feb 3, 2020 11:29 AM",https://bestande.ch/uzh/50619479/timetable,60,Blab,20192,,"Feb 3, 2020 11:31 AM"
Taming the Data (L),01/15/2020 12:00 → 02/03/2020 15:33,en,"Jan 15, 2020 12:00 PM","Feb 3, 2020 3:33 PM",https://bestande.ch/uzh/50840897/chat,19,züriEnthusiast5,20192,,"Feb 3, 2020 2:50 PM"
Microfinance and Impact Investing (L),12/18/2019 13:45 → 02/03/2020 16:39,en,"Dec 18, 2019 1:45 PM","Feb 3, 2020 4:39 PM",https://bestande.ch/uzh/50407554/chat,47,MensaSpaghetti9,20192,,"Feb 3, 2020 5:37 PM"
Microfinance and Impact Investing (L),01/16/2019 12:00 → 02/06/2019 12:00,en,"Jan 16, 2019 12:00 PM","Feb 6, 2019 12:00 PM",https://bestande.ch/uzh/50407554/HS18/chat,21,Jes,20192,,"Feb 3, 2020 5:38 PM"
"Network Science for Business, Economics, Informatics and Social Sciences. (L)",12/16/2019 18:00 → 02/03/2020 16:42,en,"Dec 16, 2019 6:00 PM","Feb 3, 2020 4:42 PM",https://bestande.ch/uzh/50979528/chat,48,icka,20192,,"Feb 3, 2020 5:40 PM"
Digitalization and Sustainable Development (V),11/25/2019 18:00 → 02/03/2020 16:52,en,"Nov 25, 2019 6:00 PM","Feb 3, 2020 4:52 PM",https://bestande.ch/uzh/50483330/chat,69,awesomebanana4,20192,,"Feb 3, 2020 5:41 PM"
Technology Entrepreneurship,12/10/2019 19:00 → 02/05/2020 12:00,en,"Dec 10, 2019 7:00 PM","Feb 5, 2020 12:00 PM",https://bestande.ch/eth/363-0790-00L,56,Polyinfluencer20,20192,,"Feb 3, 2020 5:43 PM"
MAT 182 Analysis for Natural Sciences,01/17/2020 16:00 → 02/04/2020 15:58,de,"Jan 17, 2020 4:00 PM","Feb 4, 2020 3:58 PM",https://bestande.ch/uzh/mat182/chat,17,jojo,20192,,"Feb 5, 2020 7:12 PM"
Applied Empirical Methods for Business Administration (L+E),01/14/2020 18:00 → 02/04/2020 19:37,en,"Jan 14, 2020 6:00 PM","Feb 4, 2020 7:37 PM",https://bestande.ch/uzh/50639518,21,züristar0,20192,,"Feb 5, 2020 7:18 PM"
Fortgeschrittene Mikroökonomik für die BWL,01/17/2020 12:00 → 02/05/2020 8:31,de,"Jan 17, 2020 12:00 PM","Feb 5, 2020 8:31 AM",https://bestande.ch/uzh/50370132/chat,18,polyKebab8,20192,,"Feb 5, 2020 7:22 PM"
Methods of Empirical Macroeconomics (L+E),01/17/2020 10:00 → 02/05/2020 9:07,en,"Jan 17, 2020 10:00 AM","Feb 5, 2020 9:07 AM",https://bestande.ch/uzh/50528882/chat,18,AsvzAktivist10,20192,,"Feb 5, 2020 7:25 PM"
Advanced Business Valuation (L),01/08/2020 10:00 → 02/05/2020 14:02,en,"Jan 8, 2020 10:00 AM","Feb 5, 2020 2:02 PM",https://bestande.ch/uzh/50825897/chat,28,tyou,20192,,"Feb 5, 2020 7:26 PM"
BIO 112 Cell Biology,01/22/2020 16:00 → 02/05/2020 15:11,de,"Jan 22, 2020 4:00 PM","Feb 5, 2020 3:11 PM",https://bestande.ch/uzh/50031680/stats,13,commandeur4,20192,,"Feb 5, 2020 7:27 PM"
BIO 308 Introduction to Limnology (Inland water ecosystems),12/16/2019 12:00 → 02/05/2020 15:37,en,"Dec 16, 2019 12:00 PM","Feb 5, 2020 3:37 PM",https://bestande.ch/uzh/50034565/chat,51,merkur12,20192,,"Feb 5, 2020 7:30 PM"
BIO 115 Human evolution,01/24/2020 14:00 → 02/05/2020 16:12,de,"Jan 24, 2020 2:00 PM","Feb 5, 2020 4:12 PM",https://bestande.ch/uzh/50952115/chat,12,alina0908,20192,,"Feb 5, 2020 7:31 PM"
BIO 114 Evolution and Biodiversity I,01/14/2020 11:45 → 02/05/2020 16:43,de,"Jan 14, 2020 11:45 AM","Feb 5, 2020 4:43 PM",https://bestande.ch/uzh/50742527/chat,22,lehaha,20192,,"Feb 5, 2020 7:33 PM"
BIO 133 Anthropology,01/16/2020 16:45 → 02/05/2020 19:26,de,"Jan 16, 2020 4:45 PM","Feb 5, 2020 7:26 PM",https://bestande.ch/uzh/50033815/chat,20,mrsf1,20192,,"Feb 5, 2020 7:35 PM"
Arabic I A1.1,12/19/2019 14:45 → 02/05/2020 19:56,en,"Dec 19, 2019 2:45 PM","Feb 5, 2020 7:56 PM",https://bestande.ch/uzh/50046984/chat,48,bacteriophage,20192,,"Feb 5, 2020 7:36 PM"
Governance (L),12/20/2019 13:45 → 02/07/2020 8:55,de,"Dec 20, 2019 1:45 PM","Feb 7, 2020 8:55 AM",https://bestande.ch/uzh/50045662,48,bank93,20192,,"Feb 5, 2020 8:06 PM"
BIO 332 Cell cycle and cell proliferation,01/28/2019 12:00 → 01/29/2019 12:00,en,"Jan 28, 2019 12:00 PM","Jan 29, 2019 12:00 PM",https://bestande.ch/uzh/50372413/chat,1,ian,20182,,"Feb 7, 2020 9:46 AM"
BIO 332 Cell cycle and cell proliferation,01/27/2020 12:00 → 01/31/2020 12:00,en,"Jan 27, 2020 12:00 PM","Jan 31, 2020 12:00 PM",https://bestande.ch/uzh/50372413/chat,4,ian,20192,,"Feb 7, 2020 9:48 AM"
The Economics of Sports: Governance and Markets (L),01/13/2020 18:00 → 02/07/2020 10:01,en,"Jan 13, 2020 6:00 PM","Feb 7, 2020 10:01 AM",https://bestande.ch/uzh/50620657/timetable,24,jii,20192,,"Feb 7, 2020 9:51 AM"
HRM and Organizational Behavior (L+E),01/14/2020 12:00 → 02/07/2020 10:07,de,"Jan 14, 2020 12:00 PM","Feb 7, 2020 10:07 AM",https://bestande.ch/uzh/50922405,23,librarybanana18,20192,,"Feb 7, 2020 10:02 AM"
Lineare Optimierung (V) (Linear Programming),01/14/2020 18:00 → 02/07/2020 11:06,de,"Jan 14, 2020 6:00 PM","Feb 7, 2020 11:06 AM",https://bestande.ch/uzh/50332398,23,gebarzt,20192,,"Feb 7, 2020 10:12 AM"
CHE 175 Fundamentals of Chemistry for Students of Biomedicine,01/13/2020 17:00 → 02/07/2020 12:40,de,"Jan 13, 2020 5:00 PM","Feb 7, 2020 12:40 PM",https://bestande.ch/uzh/50938710,24,Pruefungsprofessor17,20192,,"Feb 9, 2020 5:35 PM"
BIO 134 Programming in Biology,01/23/2020 11:30 → 02/07/2020 13:03,de,"Jan 23, 2020 11:30 AM","Feb 7, 2020 1:03 PM",https://bestande.ch/uzh/50795623/chat,15,biomed,20192,,"Feb 9, 2020 5:38 PM"
"CHE 101 Fundamentals of Chemistry, Part 1",01/27/2020 12:00 → 02/07/2020 15:19,de,"Jan 27, 2020 12:00 PM","Feb 7, 2020 3:19 PM",https://bestande.ch/uzh/50740659/chat,11,commandeur4,20192,,"Feb 9, 2020 5:40 PM"
BIO 111 Molecular and Classical Genetics,01/20/2020 12:20 → 02/07/2020 20:34,de,"Jan 20, 2020 12:20 PM","Feb 7, 2020 8:34 PM",https://bestande.ch/uzh/50742524/chat,18,commandeur4,20192,,"Feb 9, 2020 5:41 PM"
PHY 118 Physics I for natural sciences,01/16/2019 12:00 → 01/21/2019 12:00,de,"Jan 16, 2019 12:00 PM","Jan 21, 2019 12:00 PM",https://bestande.ch/uzh/50747127/chat,5,DMSO,20182,,"Feb 9, 2020 5:42 PM"
Change Management,01/16/2020 12:00 → 02/10/2020 9:06,de,"Jan 16, 2020 12:00 PM","Feb 10, 2020 9:06 AM",https://bestande.ch/uzh/50491828,24,Michael Wolf,20192,,"Feb 9, 2020 5:44 PM"
Advanced Microeconomics I (L+E),01/15/2020 12:00 → 02/10/2020 9:12,en,"Jan 15, 2020 12:00 PM","Feb 10, 2020 9:12 AM",https://bestande.ch/uzh/50368922/chat,25,janunica2,20192,,"Feb 11, 2020 6:09 PM"
CHE 203 Organic Chemistry I,02/03/2020 12:00 → 02/10/2020 10:57,en,"Feb 3, 2020 12:00 PM","Feb 10, 2020 10:57 AM",https://bestande.ch/uzh/50772226/chat,6,DMSO,20192,,"Feb 11, 2020 6:12 PM"
Software Construction (L+E) (Softwarekonstruktion),01/14/2020 18:00 → 02/10/2020 11:18,de,"Jan 14, 2020 6:00 PM","Feb 10, 2020 11:18 AM",https://bestande.ch/uzh/50840771/chat,26,züriman18,20192,,"Feb 11, 2020 6:13 PM"
"BIO 615 Virology: Principles of Molecular Biology, Pathogenesis, and Control of Human Viruses",01/22/2020 15:00 → 02/10/2020 14:47,en,"Jan 22, 2020 3:00 PM","Feb 10, 2020 2:47 PM",https://bestande.ch/uzh/50495278/chat,18,Biomed_,20192,,"Feb 11, 2020 6:17 PM"
BIO 617 Principles of biosafety in medical and biological research,01/21/2020 15:00 → 02/10/2020 18:09,en,"Jan 21, 2020 3:00 PM","Feb 10, 2020 6:09 PM",https://bestande.ch/uzh/50484438/timetable/HS19,20,irchellady,20192,,"Feb 11, 2020 6:19 PM"
Human Aspects of Software Engineering (L),12/16/2019 11:45 → 02/11/2020 8:00,de,"Dec 16, 2019 11:45 AM","Feb 11, 2020 8:00 AM",https://bestande.ch/uzh/50615016/HS19/chat,56,Polyinfluencer20,20192,,"Feb 11, 2020 6:21 PM"
MAT 141 Linear Algebra for Natural Sciences,02/06/2020 12:00 → 02/11/2020 16:00,en,"Feb 6, 2020 12:00 PM","Feb 11, 2020 4:00 PM",https://bestande.ch/uzh/50462642/HS19/chat,5,sagaciousyvery,20192,,"Feb 11, 2020 6:25 PM"
Computer Engineering and Computer Networks(L+E)(Technische Informatik und Kommunikationssysteme)-TIKS/CECN,01/09/2020 10:00 → 02/11/2020 11:11,de,"Jan 9, 2020 10:00 AM","Feb 11, 2020 11:11 AM",https://bestande.ch/uzh/50840773/HS19/chat,33,bwlGirl167,20192,,"Feb 11, 2020 6:27 PM"
Protocols for Multi-media Communications (PMMK) (L+E),01/15/2020 12:00 → 02/11/2020 11:12,en,"Jan 15, 2020 12:00 PM","Feb 11, 2020 11:12 AM",https://bestande.ch/uzh/50038031/HS19/timetable,26,icka,20192,,"Feb 11, 2020 6:28 PM"
BIO 113 Evolution,01/09/2020 0:00 → 02/11/2020 15:56,de,"Jan 9, 2020 12:00 AM","Feb 11, 2020 3:56 PM",https://bestande.ch/uzh/50033809/chat,33,bacteriophage,20192,,"Feb 11, 2020 6:31 PM"
BME 236 Biomedicine I,01/31/2020 15:00 → 02/11/2020 14:08,de,"Jan 31, 2020 3:00 PM","Feb 11, 2020 2:08 PM",https://bestande.ch/uzh/50804822/chat,10,biomediz,20192,,"Feb 11, 2020 6:33 PM"
Introduction to Health Economics and Policy,11/29/2019 15:15 → 02/12/2020 14:40,de,"Nov 29, 2019 3:15 PM","Feb 12, 2020 2:40 PM",https://bestande.ch/eth/363-1027-00L/chat,74,MensaMuggel,20192,,"Feb 11, 2020 7:11 PM"
BIO 260 Molecular Biology Course for Biology and Medicine,02/07/2020 17:30 → 02/12/2020 14:49,en,"Feb 7, 2020 5:30 PM","Feb 12, 2020 2:49 PM",https://bestande.ch/uzh/50030684/chat,4,Biomed_,20192,,"Feb 13, 2020 12:34 PM"
BIO 131 Form and Function of Plants,01/14/2020 15:30 → 02/13/2020 10:33,de,"Jan 14, 2020 3:30 PM","Feb 13, 2020 10:33 AM",https://bestande.ch/uzh/50795622/chat,29,mrlt,20192,,"Feb 13, 2020 12:34 PM"
BIO 445 Quantitative Life Sciences: from Infectious Diseases to Ecosystems,12/21/2019 17:00 → 02/13/2020 11:44,de,"Dec 21, 2019 5:00 PM","Feb 13, 2020 11:44 AM",https://bestande.ch/uzh/50797178/chat,53,ian,20192,,"Feb 13, 2020 12:36 PM"
BIO 348 Concepts in Modern Genetics,01/06/2020 12:00 → 02/11/2020 14:06,en,"Jan 6, 2020 12:00 PM","Feb 11, 2020 2:06 PM",https://bestande.ch/uzh/50312973/chat,36,beffy,20192,,"Feb 13, 2020 12:37 PM"
Betriebswirtschaftslehre I,12/19/2019 10:00 → 02/21/2020 15:25,de,"Dec 19, 2019 10:00 AM","Feb 21, 2020 3:25 PM",https://bestande.ch/uzh/50038000/chat,64,PruefungsHipster2,20192,,"Feb 13, 2020 12:39 PM"
BME 235 Physiology and anatomy I,01/29/2020 12:00 → 02/17/2020 13:32,de,"Jan 29, 2020 12:00 PM","Feb 17, 2020 1:32 PM",https://bestande.ch/uzh/50033787/chat,19,biomediz,20192,,"Feb 13, 2020 6:01 PM"
CHE 154 Physical Chemistry I for the Life Sciences,02/05/2020 12:00 → 02/26/2020 13:56,de,"Feb 5, 2020 12:00 PM","Feb 26, 2020 1:56 PM",https://bestande.ch/uzh/50772394/timetable,21,Vorlesungstourist11,20192,,"Feb 17, 2020 9:11 PM"
MAT 121 Analysis I,02/03/2020 12:00 → 02/23/2020 22:13,de,"Feb 3, 2020 12:00 PM","Feb 23, 2020 10:13 PM",https://bestande.ch/uzh/50743297/chat,20,lilili,20192,,"Mar 3, 2020 10:26 AM"
BME 357,03/11/2020 17:00 → 04/15/2020 12:00,en,"Mar 11, 2020 5:00 PM","Apr 15, 2020 12:00 PM",https://bestande.ch/uzh/50976123/chat,34,Biomed_,20201,,"Mar 3, 2020 10:45 AM"
Marketing Analytics,02/14/2020 17:00 → 04/23/2020 1:41,en,"Feb 14, 2020 5:00 PM","Apr 23, 2020 1:41 AM",https://bestande.ch/uzh/50873014/chat,68,herzli,20201,,"Apr 23, 2020 11:36 AM"
"R – A non-technical introduction to big data techniques, team work and interactive visualization with applications to Marketing (L)",02/07/2020 17:00 → 04/29/2020 6:53,de,"Feb 7, 2020 5:00 PM","Apr 29, 2020 6:53 AM",https://bestande.ch/uzh/50833102/chat,81,DivisionByZero,20201,,"Apr 23, 2020 1:42 PM"
Neuproduktmarketing,03/26/2020 13:30 → 04/27/2020 14:22,de,"Mar 26, 2020 1:30 PM","Apr 27, 2020 2:22 PM",https://bestande.ch/uzh/50799730/chat,32,herzli,20201,,"Apr 29, 2020 5:23 PM"
Marketing Management II (V),05/15/2020 12:00 → 05/26/2020 13:56,de,"May 15, 2020 12:00 PM","May 26, 2020 1:56 PM",https://bestande.ch/uzh/50575863/chat,11,Fleximusmaximus,20201,,"Apr 29, 2020 5:25 PM"
Blockchain,05/26/2020 12:00 → 06/02/2020 14:28,en,"May 26, 2020 12:00 PM","Jun 2, 2020 2:28 PM",https://bestande.ch/uzh/50923128/chat,7,Lichthofenthusiast7,20201,,"May 26, 2020 2:30 PM"
Sustainable Investing (L),05/06/2020 16:00 → 06/02/2020 13:58,en,"May 6, 2020 4:00 PM","Jun 2, 2020 1:58 PM",https://bestande.ch/uzh/50923127/chat,26,Lichthofenthusiast7,20201,,"Jun 2, 2020 10:12 PM"
Handelsmarketing-Seminar,04/24/2020 18:00 → 05/29/2020 17:44,de,"Apr 24, 2020 6:00 PM","May 29, 2020 5:44 PM",https://bestande.ch/uzh/50821229/chat,34,qnd,20201,,"Jun 2, 2020 10:15 PM"
Introduction to Statistics and Data Analysis,05/26/2020 15:45 → 06/05/2020 11:47,de,"May 26, 2020 3:45 PM","Jun 5, 2020 11:47 AM",https://bestande.ch/uzh/50942165/chat,9,newsdepriviert,20201,,"Jun 2, 2020 10:17 PM"
R - a non-technical introduction with applications to Marketing (L),03/20/2020 17:00 → 06/05/2020 11:28,de,"Mar 20, 2020 5:00 PM","Jun 5, 2020 11:28 AM",https://bestande.ch/uzh/50821129/chat,76,Diggi,20201,,"Jun 5, 2020 2:01 PM"
AST 248 The Sun and Planets,05/26/2020 12:00 → 06/04/2020 18:13,de,"May 26, 2020 12:00 PM","Jun 4, 2020 6:13 PM",https://bestande.ch/uzh/50823800/chat,9,NoAvocado,20201,,"Jun 5, 2020 2:02 PM"
BME 335 Regenerative Medicine and Applied Tissue Engineering,05/18/2020 10:00 → 06/04/2020 14:06,en,"May 18, 2020 10:00 AM","Jun 4, 2020 2:06 PM",https://bestande.ch/uzh/50687820/chat,17,blyatman69,20201,,"Jun 5, 2020 2:04 PM"
Managerial Accounting (V),05/28/2020 13:30 → 06/03/2020 19:11,de,"May 28, 2020 1:30 PM","Jun 3, 2020 7:11 PM",https://bestande.ch/uzh/50314878/chat,6,Der_Typ11,20201,,"Jun 5, 2020 2:06 PM"
Statistik,05/26/2020 11:30 → 06/11/2020 13:26,de,"May 26, 2020 11:30 AM","Jun 11, 2020 1:26 PM",https://bestande.ch/uzh/50030887/stats,16,zhaw,20201,,"Jun 5, 2020 2:06 PM"
Betriebswirtschaftslehre II,05/28/2020 9:30 → 06/10/2020 14:13,de,"May 28, 2020 9:30 AM","Jun 10, 2020 2:13 PM",https://bestande.ch/uzh/50030855/chat,13,pcregrep,20201,,"Jun 13, 2020 3:36 PM"
Verhandlungstheorie und -praxis,05/16/2020 16:00 → 06/10/2020 10:02,de,"May 16, 2020 4:00 PM","Jun 10, 2020 10:02 AM",https://bestande.ch/uzh/50313886/chat,24,Ernesto Guevara,20201,,"Jun 13, 2020 3:39 PM"
Mathematik II,05/25/2020 18:30 → 06/09/2020 11:21,de,"May 25, 2020 6:30 PM","Jun 9, 2020 11:21 AM",https://bestande.ch/uzh/50030886/chat,14,fico,20201,,"Jun 13, 2020 3:42 PM"
Communication and Media Law,05/25/2020 18:00 → 06/05/2020 18:10,de,"May 25, 2020 6:00 PM","Jun 5, 2020 6:10 PM",https://bestande.ch/uzh/50942160/chat,11,newsdepriviert,20201,,"Jun 13, 2020 3:44 PM"
Unternehmensplanspiel,02/06/2020 18:00 → 06/05/2020 16:21,de,"Feb 6, 2020 6:00 PM","Jun 5, 2020 4:21 PM",https://bestande.ch/uzh/50938781/chat,119,Patrick Star,20201,,"Jun 13, 2020 3:49 PM"
Comparative & International Political Economy (Lecture),05/27/2020 12:00 → 06/05/2020 16:52,de,"May 27, 2020 12:00 PM","Jun 5, 2020 4:52 PM",https://bestande.ch/uzh/50942121/chat,9,politostudent,20201,,"Jun 13, 2020 3:50 PM"
BCH 210 Biochemistry for students of Biology,06/12/2020 14:30 → 06/19/2020 10:57,de,"Jun 12, 2020 2:30 PM","Jun 19, 2020 10:57 AM",https://bestande.ch/uzh/50404924/chat,6,Bliblablu,20201,,"Jun 13, 2020 3:55 PM"
Political Theory (Lecture),05/27/2020 9:45 → 06/05/2020 16:52,de,"May 27, 2020 9:45 AM","Jun 5, 2020 4:52 PM",https://bestande.ch/uzh/50942126/chat,9,politostudent,20201,,"Jun 13, 2020 3:55 PM"
Corporate Entrepreneurship (S),05/13/2020 18:00 → 06/18/2020 11:31,de,"May 13, 2020 6:00 PM","Jun 18, 2020 11:31 AM",https://bestande.ch/uzh/50461417/chat,35,King G,20201,,"Jun 20, 2020 4:42 PM"
CHE 172 Organic Chemistry for the Life Sciences,06/17/2020 15:00 → 06/18/2020 20:01,de,"Jun 17, 2020 3:00 PM","Jun 18, 2020 8:01 PM",https://bestande.ch/uzh/50047888/FS20/chat,1,biomediz,20201,,"Jun 20, 2020 4:49 PM"
BCH 205 Practical Course in Biochemistry II,05/29/2020 17:30 → 06/18/2020 14:58,de,"May 29, 2020 5:30 PM","Jun 18, 2020 2:58 PM",https://bestande.ch/uzh/50836006/FS20/chat,19,blyatman69,20201,,"Jun 20, 2020 4:52 PM"
BIO 144 Data analysis in biology,06/09/2020 12:00 → 06/18/2020 10:25,de,"Jun 9, 2020 12:00 PM","Jun 18, 2020 10:25 AM",https://bestande.ch/uzh/50833390/FS20/chat,8,Elefäntli9,20201,,"Jun 20, 2020 4:55 PM"
BIO 413 Genome modification in the mouse,05/29/2020 17:00 → 06/17/2020 12:06,de,"May 29, 2020 5:00 PM","Jun 17, 2020 12:06 PM",https://bestande.ch/uzh/50829119/FS20/chat,18,Biomed_,20201,,"Jun 20, 2020 4:57 PM"
Banking and Finance II (L+E),05/29/2020 11:30 → 06/18/2020 11:39,de,"May 29, 2020 11:30 AM","Jun 18, 2020 11:39 AM",https://bestande.ch/uzh/50820164/FS20/chat,20,bqmboy0,20201,,"Jun 20, 2020 4:59 PM"
Einführung in die Geldpolitik (V + Ü) (Introduction to Monetary Policy),06/05/2020 13:45 → 06/17/2020 10:30,de,"Jun 5, 2020 1:45 PM","Jun 17, 2020 10:30 AM",https://bestande.ch/uzh/50887379/FS20/chat,11,otw,20201,,"Jun 20, 2020 5:01 PM"
Web and mobile accessibility (L+E),05/22/2020 16:00 → 06/17/2020 10:35,de,"May 22, 2020 4:00 PM","Jun 17, 2020 10:35 AM",https://bestande.ch/uzh/50997795/FS20/chat,25,DivisionByZero,20201,,"Jun 20, 2020 5:05 PM"
Logistikmanagement (V) (Logistics Management),06/02/2020 19:00 → 06/16/2020 19:00,de,"Jun 2, 2020 7:00 PM","Jun 16, 2020 7:00 PM",https://bestande.ch/uzh/50033938/FS20/chat,14,BwlAficionado6,20201,,"Jun 20, 2020 5:07 PM"
Betriebswirtschaftliche Steuerlehre I (V) (Taxation of Companies I),06/08/2020 10:00 → 06/15/2020 15:51,de,"Jun 8, 2020 10:00 AM","Jun 15, 2020 3:51 PM",https://bestande.ch/uzh/50019527/FS20/chat,7,agglozürcher,20201,,"Jun 20, 2020 5:10 PM"
Basic Theories of Communication Science,05/28/2020 13:45 → 06/15/2020 15:25,de,"May 28, 2020 1:45 PM","Jun 15, 2020 3:25 PM",https://bestande.ch/uzh/50942153/FS20/chat,18,newsdepriviert,20201,,"Jun 20, 2020 5:16 PM"
Advanced Corporate Finance II (L),05/26/2020 12:00 → 06/15/2020 11:34,de,"May 26, 2020 12:00 PM","Jun 15, 2020 11:34 AM",https://bestande.ch/uzh/50034087/FS20/chat,19,Philoenthusiast14,20201,,"Jun 20, 2020 5:19 PM"
Managementvergütung und Anreizsysteme (VU) (Executive Compensation and Incentive Systems),06/08/2020 15:00 → 06/15/2020 10:35,de,"Jun 8, 2020 3:00 PM","Jun 15, 2020 10:35 AM",https://bestande.ch/uzh/50621407/FS20/chat,6,BS7,20201,,"Jun 20, 2020 5:20 PM"
BCH 202 Biochemistry II,06/11/2020 16:00 → 06/15/2020 11:08,de,"Jun 11, 2020 4:00 PM","Jun 15, 2020 11:08 AM",https://bestande.ch/uzh/50770917/FS20/chat,3,biomed,20201,,"Jun 20, 2020 5:22 PM"
Intermediate Econometrics (L&E),06/16/2020 12:00 → 06/23/2020 9:01,de,"Jun 16, 2020 12:00 PM","Jun 23, 2020 9:01 AM",https://bestande.ch/uzh/50719200/chat,6,Michael Wolf,20201,,"Jun 20, 2020 5:23 PM"
Behavioral Ethics (S),06/09/2020 16:00 → 06/23/2020 9:36,de,"Jun 9, 2020 4:00 PM","Jun 23, 2020 9:36 AM",https://bestande.ch/uzh/50821473/timetable,13,kuckowow,20201,,"Jun 23, 2020 10:31 AM"
Financial Reporting (L+E),05/27/2020 11:30 → 06/29/2020 13:56,de,"May 27, 2020 11:30 AM","Jun 29, 2020 1:56 PM",https://bestande.ch/uzh/50873019/chat,33,bqmboy0,20201,,"Jun 23, 2020 10:33 AM"
Verhaltensökonomie (V) (Behavioral Economics),06/18/2020 18:00 → 06/29/2020 14:47,de,"Jun 18, 2020 6:00 PM","Jun 29, 2020 2:47 PM",https://bestande.ch/uzh/50819815/chat,10,MensaDoktor0,20201,,"Jun 30, 2020 11:01 AM"
Introduction to Strategic Management (L+E),06/10/2020 16:00 → 06/29/2020 14:04,de,"Jun 10, 2020 4:00 PM","Jun 29, 2020 2:04 PM",https://bestande.ch/uzh/50771677/chat,18,Michael Wolf,20201,,"Jun 30, 2020 11:05 AM"
Soziale Krankenversicherung (V) (Social Health Insurance),06/10/2020 16:00 → 06/29/2020 12:45,de,"Jun 10, 2020 4:00 PM","Jun 29, 2020 12:45 PM",https://bestande.ch/uzh/50354250/chat,18,ueli,20201,,"Jun 30, 2020 11:08 AM"
"Service Management: Operations, Strategie und e-Services (L+E)",06/09/2020 15:45 → 06/29/2020 12:08,de,"Jun 9, 2020 3:45 PM","Jun 29, 2020 12:08 PM",https://bestande.ch/uzh/50431595/chat,19,ASVZrelax,20201,,"Jun 30, 2020 11:09 AM"
Behavioral Finance and Private Banking (L),06/16/2020 12:00 → 06/29/2020 12:03,de,"Jun 16, 2020 12:00 PM","Jun 29, 2020 12:03 PM",https://bestande.ch/uzh/50431626/chat,13,qnd,20201,,"Jun 30, 2020 11:21 AM"
Interdisziplinäre Sichtweisen zur Frage der Verantwortung und die (Dys-) Funktionen der Finanzmärkte,06/16/2020 12:00 → 06/24/2020 9:04,de,"Jun 16, 2020 12:00 PM","Jun 24, 2020 9:04 AM",https://bestande.ch/uzh/50618832/chat,7,philoavocado18,20201,,"Jun 30, 2020 11:23 AM"
GEO 246 Statistics,06/05/2020 12:30 → 06/27/2020 0:12,de,"Jun 5, 2020 12:30 PM","Jun 27, 2020 12:12 AM",https://bestande.ch/uzh/50780159/timetable,21,Chondrichthyles,20201,,"Jun 30, 2020 11:28 AM"
GEO 123 Remote Sensing and Geographic Information Science II,06/05/2020 10:00 → 06/27/2020 0:12,de,"Jun 5, 2020 10:00 AM","Jun 27, 2020 12:12 AM",https://bestande.ch/uzh/50780152/chat,21,Chondrichthyles,20201,,"Jun 30, 2020 11:30 AM"
GEO 362 Advanced Economic Geography,05/28/2020 12:00 → 06/26/2020 20:25,de,"May 28, 2020 12:00 PM","Jun 26, 2020 8:25 PM",https://bestande.ch/uzh/50740452/chat,29,Chondrichthyles,20201,,"Jun 30, 2020 11:33 AM"
GEO 243 Remote Sensing and Geographic Information Science IV,06/03/2020 10:00 → 06/26/2020 20:26,de,"Jun 3, 2020 10:00 AM","Jun 26, 2020 8:26 PM",https://bestande.ch/uzh/50780158/chat,23,Chondrichthyles,20201,,"Jun 30, 2020 11:34 AM"
Quantitative Finance (L+E),06/16/2020 18:00 → 06/26/2020 10:11,de,"Jun 16, 2020 6:00 PM","Jun 26, 2020 10:11 AM",https://bestande.ch/uzh/50820337/chat,9,gigolo,20201,,"Jun 30, 2020 11:36 AM"
Makroökonomik II (V+Ü) (Macroeconomics II),05/26/2020 15:00 → 06/26/2020 10:41,de,"May 26, 2020 3:00 PM","Jun 26, 2020 10:41 AM",https://bestande.ch/uzh/50822518/chat,30,DeinUsername,20201,,"Jun 30, 2020 11:37 AM"
"Ethical, legal and social aspects of cybersecurity (L+E)",05/28/2020 18:00 → 06/26/2020 9:56,de,"May 28, 2020 6:00 PM","Jun 26, 2020 9:56 AM",https://bestande.ch/uzh/50996992/chat,28,DivisionByZero,20201,,"Jun 30, 2020 11:39 AM"
BIO 123 Quantitative and Molecular Systems Biology,06/24/2020 14:00 → 06/25/2020 21:36,de,"Jun 24, 2020 2:00 PM","Jun 25, 2020 9:36 PM",https://bestande.ch/uzh/50773478/chat,1,Dils,20201,,"Jun 30, 2020 11:48 AM"
UWW 174 Sustainability and Society,05/27/2020 12:00 → 06/25/2020 12:17,de,"May 27, 2020 12:00 PM","Jun 25, 2020 12:17 PM",https://bestande.ch/uzh/50728226/chat,29,Nurnoloco,20201,,"Jun 30, 2020 11:50 AM"
European Politics (Lecture),05/27/2020 18:00 → 06/25/2020 9:41,de,"May 27, 2020 6:00 PM","Jun 25, 2020 9:41 AM",https://bestande.ch/uzh/50942130/chat,28,politostudent,20201,,"Jun 30, 2020 11:50 AM"
BIO 124 Introduction to ethics and philosophy of biology,06/22/2020 15:45 → 06/25/2020 8:08,de,"Jun 22, 2020 3:45 PM","Jun 25, 2020 8:08 AM",https://bestande.ch/uzh/50780596/chat,2,awesomechiller6,20201,,"Jun 30, 2020 11:51 AM"
Informatics II (V+Ü) (Informatik II),05/27/2020 15:30 → 06/24/2020 16:15,de,"May 27, 2020 3:30 PM","Jun 24, 2020 4:15 PM",https://bestande.ch/uzh/50819883/chat,28,Leste Beben,20201,,"Jun 30, 2020 11:54 AM"
BIO 142 Developmental Biology,06/18/2020 14:00 → 06/24/2020 15:23,de,"Jun 18, 2020 2:00 PM","Jun 24, 2020 3:23 PM",https://bestande.ch/uzh/50031677/timetable,6,Bibliothekdude3,20201,,"Jun 30, 2020 11:56 AM"
Managing Education and Training in Firms/for Firms (L),05/25/2020 11:45 → 06/24/2020 11:29,de,"May 25, 2020 11:45 AM","Jun 24, 2020 11:29 AM",https://bestande.ch/uzh/50718238/chat,29,cdb,20201,,"Jun 30, 2020 12:03 PM"
Brand Management in the Digital Age (VU),06/17/2020 18:00 → 06/24/2020 11:27,de,"Jun 17, 2020 6:00 PM","Jun 24, 2020 11:27 AM",https://bestande.ch/uzh/50995011/chat,6,PolyWoman5,20201,,"Jun 30, 2020 12:04 PM"
Industrieökonomik (V+Ü) (Industrial Economics),06/10/2020 10:00 → 06/23/2020 14:23,de,"Jun 10, 2020 10:00 AM","Jun 23, 2020 2:23 PM",https://bestande.ch/uzh/50314970/chat,13,Diggi,20201,,"Jun 30, 2020 12:05 PM"
Commodity Trading (L+E),05/25/2020 9:45 → 06/23/2020 11:01,de,"May 25, 2020 9:45 AM","Jun 23, 2020 11:01 AM",https://bestande.ch/uzh/50938958/chat,29,futuref,20201,,"Jun 30, 2020 12:09 PM"
Animal Behavior,06/22/2020 14:00 → 07/03/2020 15:42,de,"Jun 22, 2020 2:00 PM","Jul 3, 2020 3:42 PM",https://bestande.ch/uzh/50031543,11,Chondrichthyles,20201,,"Jun 30, 2020 12:10 PM"
Makroökonomik I,05/27/2020 16:00 → 07/03/2020 14:00,de,"May 27, 2020 4:00 PM","Jul 3, 2020 2:00 PM",https://bestande.ch/uzh/50030857/chat,36,lichthofHipster3,20201,,"Jul 3, 2020 7:01 PM"
Big-Data Analytics (L+E),06/16/2020 12:00 → 07/04/2020 13:11,de,"Jun 16, 2020 12:00 PM","Jul 4, 2020 1:11 PM",https://bestande.ch/uzh/50662146,18,züriEnthusiast5,20201,,"Jul 3, 2020 7:04 PM"
Research in Macroeconomics (L&E),05/29/2020 13:45 → 07/03/2020 9:33,de,"May 29, 2020 1:45 PM","Jul 3, 2020 9:33 AM",https://bestande.ch/uzh/50976535/timetable,34,Lernspaghetti14,20201,,"Jul 3, 2020 7:07 PM"
Science and Management of Big Data (L),05/09/2020 19:00 → 07/03/2020 9:03,de,"May 9, 2020 7:00 PM","Jul 3, 2020 9:03 AM",https://bestande.ch/uzh/50976538/chat,54,Lichthofenthusiast7,20201,,"Jul 3, 2020 7:09 PM"
Introduction to Mergers and Acquisitions (L),06/16/2020 12:00 → 07/02/2020 21:35,de,"Jun 16, 2020 12:00 PM","Jul 2, 2020 9:35 PM",https://bestande.ch/uzh/50820467/chat,16,gangstarapper,20201,,"Jul 3, 2020 7:11 PM"
Corporate Risk and Resilience - how future leaders can navigate the risk landscape (L),06/22/2020 13:15 → 07/02/2020 16:46,de,"Jun 22, 2020 1:15 PM","Jul 2, 2020 4:46 PM",https://bestande.ch/uzh/50976506/chat,10,Einsteinmaster69,20201,,"Jul 3, 2020 7:12 PM"
PHY 127 Physics for Life Sciences II,06/26/2020 12:00 → 07/02/2020 11:07,de,"Jun 26, 2020 12:00 PM","Jul 2, 2020 11:07 AM",https://bestande.ch/uzh/50987637/chat,5,zittery,20201,,"Jul 3, 2020 7:14 PM"
BME 246 Biomedicine II,06/23/2020 15:00 → 07/02/2020 9:28,de,"Jun 23, 2020 3:00 PM","Jul 2, 2020 9:28 AM",https://bestande.ch/uzh/50815351/chat,8,biomediz,20201,,"Jul 3, 2020 7:15 PM"
BIO 125 Development of Multicellular Systems,06/24/2020 15:45 → 07/02/2020 8:27,de,"Jun 24, 2020 3:45 PM","Jul 2, 2020 8:27 AM",https://bestande.ch/uzh/50989986/chat,7,zittery,20201,,"Jul 3, 2020 7:16 PM"
"BIO 212 Human Evolutionary Genetics: Origins, Peoples and Disease",05/26/2020 12:00 → 07/01/2020 19:36,de,"May 26, 2020 12:00 PM","Jul 1, 2020 7:36 PM",https://bestande.ch/uzh/50888216/chat,36,blyatman69,20201,,"Jul 3, 2020 7:18 PM"
CHE 155 Physical Chemistry II for the Life Sciences,06/25/2020 16:00 → 07/01/2020 16:43,de,"Jun 25, 2020 4:00 PM","Jul 1, 2020 4:43 PM",https://bestande.ch/uzh/50772396/chat,6,DMSO,20201,,"Jul 3, 2020 7:19 PM"
BIO 388 Human Genetics,05/25/2020 16:00 → 07/01/2020 16:20,de,"May 25, 2020 4:00 PM","Jul 1, 2020 4:20 PM",https://bestande.ch/uzh/50482961/chat,37,sternlii,20201,,"Jul 3, 2020 7:21 PM"
Advanced Microeconomics 2 (L+E),06/17/2020 12:00 → 07/01/2020 16:07,de,"Jun 17, 2020 12:00 PM","Jul 1, 2020 4:07 PM",https://bestande.ch/uzh/50392757/chat,14,LyricsBOB,20201,,"Jul 3, 2020 7:22 PM"
Asset Pricing (V+Ü),06/15/2020 18:00 → 07/01/2020 15:37,de,"Jun 15, 2020 6:00 PM","Jul 1, 2020 3:37 PM",https://bestande.ch/uzh/50314925/chat,15,Dekanat,20201,,"Jul 3, 2020 7:23 PM"
BIO 368 Scientific Information Literacy,05/25/2020 17:00 → 07/01/2020 14:28,de,"May 25, 2020 5:00 PM","Jul 1, 2020 2:28 PM",https://bestande.ch/uzh/50479812/timetable,36,blyatman69,20201,,"Jul 3, 2020 7:24 PM"
Wirtschaftsgeschichte: Europa im 20. Jahrhundert (V) Economic History: Europe in the 20th century,06/17/2020 18:00 → 07/01/2020 8:55,de,"Jun 17, 2020 6:00 PM","Jul 1, 2020 8:55 AM",https://bestande.ch/uzh/50976490/chat,13,SGE,20201,,"Jul 3, 2020 7:26 PM"
BIO 143 Neurobiology,06/18/2020 15:45 → 07/01/2020 11:02,de,"Jun 18, 2020 3:45 PM","Jul 1, 2020 11:02 AM",https://bestande.ch/uzh/50031679/chat,12,Gazu,20201,,"Jul 3, 2020 7:28 PM"
IT Security (L),05/16/2020 12:00 → 07/01/2020 8:45,de,"May 16, 2020 12:00 PM","Jul 1, 2020 8:45 AM",https://bestande.ch/uzh/50019442/chat,45,abcd1234,20201,,"Jul 3, 2020 7:28 PM"
Blockchains and Overlay Networks (L+E),06/02/2020 13:45 → 07/04/2020 9:36,de,"Jun 2, 2020 1:45 PM","Jul 4, 2020 9:36 AM",https://bestande.ch/uzh/50357468/chat,31,abcd1234,20201,,"Jul 3, 2020 7:30 PM"
Introduction to the Philosophy of Economics (L),06/08/2020 15:00 → 07/04/2020 1:05,de,"Jun 8, 2020 3:00 PM","Jul 4, 2020 1:05 AM",https://bestande.ch/uzh/50939883/chat,25,Libraryavocado2,20201,,"Jul 3, 2020 7:31 PM"
Crunchpoints in seriously large banking/payment-IT-projects (L),06/12/2020 15:30 → 07/07/2020 14:32,de,"Jun 12, 2020 3:30 PM","Jul 7, 2020 2:32 PM",https://bestande.ch/uzh/50820302/chat,24,züriEnthusiast5,20201,,"Jul 4, 2020 10:06 AM"
Corporate Finance 2 (VU),06/23/2020 17:30 → 07/06/2020 11:23,de,"Jun 23, 2020 5:30 PM","Jul 6, 2020 11:23 AM",https://bestande.ch/uzh/50873018/chat,12,abraham sagt bbraham,20201,,"Jul 7, 2020 3:25 PM"
BME 247 Practical in Histology,06/23/2020 16:45 → 07/06/2020 17:01,de,"Jun 23, 2020 4:45 PM","Jul 6, 2020 5:01 PM",https://bestande.ch/uzh/50836048/chat,13,sternlii,20201,,"Jul 7, 2020 3:25 PM"
Einführung in die Neuroökonomie und Soziale Neurowissenschaften (V) (Introduction to Neuroeconomics and Social Neuroscience),06/17/2020 18:00 → 07/07/2020 12:08,de,"Jun 17, 2020 6:00 PM","Jul 7, 2020 12:08 PM",https://bestande.ch/uzh/50450386/timetable,19,weissbrot,20201,,"Jul 7, 2020 3:25 PM"
Mobile Communication Systems (L+E),06/17/2020 11:45 → 07/06/2020 18:54,de,"Jun 17, 2020 11:45 AM","Jul 6, 2020 6:54 PM",https://bestande.ch/uzh/50825256/chat,19,oerlikonman10,20201,,"Jul 7, 2020 3:25 PM"
BIO 141 Ecology and Biodiversity,06/16/2020 15:00 → 07/06/2020 13:19,de,"Jun 16, 2020 3:00 PM","Jul 6, 2020 1:19 PM",https://bestande.ch/uzh/50833144/chat,19,irchelBanana16,20201,,"Jul 7, 2020 3:25 PM"
BME 245 Physiology and anatomy II,06/15/2020 17:30 → 07/06/2020 14:19,de,"Jun 15, 2020 5:30 PM","Jul 6, 2020 2:19 PM",https://bestande.ch/uzh/50031849/chat,20,BioWoman,20201,,"Jul 7, 2020 3:25 PM"
Empirical Finance (S),06/09/2020 15:30 → 07/06/2020 22:17,de,"Jun 9, 2020 3:30 PM","Jul 6, 2020 10:17 PM",https://bestande.ch/uzh/50936688/chat,27,gangstarapper,20201,,"Jul 7, 2020 3:25 PM"
Globalisierung und Multinationale Unternehmen (V) (Globalization and Multinational Enterprises),06/08/2020 16:00 → 07/07/2020 11:59,de,"Jun 8, 2020 4:00 PM","Jul 7, 2020 11:59 AM",https://bestande.ch/uzh/50313790/chat,28,Lichthofman17,20201,,"Jul 7, 2020 3:25 PM"
Computer Graphics (L),06/08/2020 15:30 → 07/06/2020 18:01,en,"Jun 8, 2020 3:30 PM","Jul 6, 2020 6:01 PM",https://bestande.ch/uzh/50308238/chat,28,abcd1234,20201,,"Jul 7, 2020 3:25 PM"
An Introduction to MATLAB with Applications in Economics (L+E),02/14/2020 15:00 → 07/06/2020 10:13,de,"Feb 14, 2020 3:00 PM","Jul 6, 2020 10:13 AM",https://bestande.ch/uzh/50997060/chat,142,Albert Einstein,20201,,"Jul 7, 2020 3:36 PM"
Foundations of Computing I (L+E) (Formale Grundlagen der Informatik I),05/29/2020 11:30 → 07/06/2020 9:06,de,"May 29, 2020 11:30 AM","Jul 6, 2020 9:06 AM",https://bestande.ch/uzh/50821425/chat,37,galva101,20201,,"Jul 7, 2020 3:37 PM"
Introduction to Economics of Blockchain (S),05/20/2020 18:00 → 07/13/2020 9:41,de,"May 20, 2020 6:00 PM","Jul 13, 2020 9:41 AM",https://bestande.ch/uzh/50997515/chat,53,Limmatboy12,20201,,"Jul 7, 2020 3:38 PM"
"Global Policy Analysis: Poverty, Development, Growth (L+E)",06/16/2020 18:00 → 07/13/2020 9:37,en,"Jun 16, 2020 6:00 PM","Jul 13, 2020 9:37 AM",https://bestande.ch/uzh/50873017/chat,26,agglozürcher,20201,,"Jul 16, 2020 12:52 PM"
Unternehmens-Standardsoftware (V) (Business- Standardsoftware),06/10/2020 15:00 → 07/13/2020 9:51,de,"Jun 10, 2020 3:00 PM","Jul 13, 2020 9:51 AM",https://bestande.ch/uzh/50537185/chat,32,ZüriPrinzessin,20201,,"Jul 16, 2020 12:57 PM"
Econometrics for Policy Analysts (L+E),06/18/2020 12:00 → 07/13/2020 11:19,de,"Jun 18, 2020 12:00 PM","Jul 13, 2020 11:19 AM",https://bestande.ch/uzh/50749029/chat,24,futuref,20201,,"Jul 16, 2020 1:00 PM"
Organization Theories (L),06/11/2020 15:00 → 07/13/2020 11:11,en,"Jun 11, 2020 3:00 PM","Jul 13, 2020 11:11 AM",https://bestande.ch/uzh/50525076/stats,31,Dr Prof,20201,,"Jul 16, 2020 1:02 PM"
Social Computing (L+E),06/04/2020 12:00 → 07/13/2020 9:54,en,"Jun 4, 2020 12:00 PM","Jul 13, 2020 9:54 AM",https://bestande.ch/uzh/50820965/chat,38,Carciofo,20201,,"Jul 16, 2020 1:03 PM"
"Informatik, Ethik u. Gesellschaft (V) (Informatics, Ethics and Society)",05/07/2020 17:00 → 07/13/2020 9:47,de,"May 7, 2020 5:00 PM","Jul 13, 2020 9:47 AM",https://bestande.ch/uzh/50369984/chat,66,Limmatboy12,20201,,"Jul 16, 2020 1:05 PM"
Software Testing (L),06/09/2020 16:00 → 07/13/2020 9:46,en,"Jun 9, 2020 4:00 PM","Jul 13, 2020 9:46 AM",https://bestande.ch/uzh/50945567/chat,33,abcd1234,20201,,"Jul 16, 2020 1:15 PM"
XML and Databases (L),06/11/2020 9:45 → 07/13/2020 9:47,en,"Jun 11, 2020 9:45 AM","Jul 13, 2020 9:47 AM",https://bestande.ch/uzh/50352807/chat,32,icka,20201,,"Jul 16, 2020 1:16 PM"
Data Warehousing (L),06/16/2020 18:00 → 07/13/2020 9:47,en,"Jun 16, 2020 6:00 PM","Jul 13, 2020 9:47 AM",https://bestande.ch/uzh/50019546/chat,26,icka,20201,,"Jul 16, 2020 1:18 PM"
STA 120 Introduction to Statistics,06/30/2020 12:00 → 07/13/2020 7:21,en,"Jun 30, 2020 12:00 PM","Jul 13, 2020 7:21 AM",https://bestande.ch/uzh/50616950/chat,12,BioWoman,20201,,"Jul 16, 2020 1:19 PM"
Program Evaluation and Causal Inference (L+E),06/09/2020 9:45 → 07/10/2020 17:53,en,"Jun 9, 2020 9:45 AM","Jul 10, 2020 5:53 PM",https://bestande.ch/uzh/50575949/chat,31,yoomiii123,20201,,"Jul 16, 2020 1:20 PM"
Marketing Mix Modeling (V),05/26/2020 14:00 → 07/10/2020 16:47,en,"May 26, 2020 2:00 PM","Jul 10, 2020 4:47 PM",https://bestande.ch/uzh/50799370/chat,45,aoec17,20201,,"Jul 16, 2020 1:22 PM"
Advanced Financial Economics (L+E),06/18/2020 18:00 → 07/10/2020 14:57,en,"Jun 18, 2020 6:00 PM","Jul 10, 2020 2:57 PM",https://bestande.ch/uzh/50873092/chat,21,gangstarapper,20201,,"Jul 16, 2020 1:23 PM"
Seminar: Human-Computer Interaction (BSc),05/27/2020 12:00 → 07/10/2020 15:05,en,"May 27, 2020 12:00 PM","Jul 10, 2020 3:05 PM",https://bestande.ch/uzh/50530161/chat,44,Awesomedude15,20201,,"Jul 16, 2020 1:24 PM"
Organisation und Führung (V) (Organisation & Management),06/18/2020 12:00 → 07/10/2020 12:16,de,"Jun 18, 2020 12:00 PM","Jul 10, 2020 12:16 PM",https://bestande.ch/uzh/50475317/chat,22,Der_Typ,20201,,"Jul 16, 2020 1:26 PM"
Wirtschaftsinformatik I (V+Ü) (Business Informatics),06/19/2020 12:00 → 07/09/2020 16:41,de,"Jun 19, 2020 12:00 PM","Jul 9, 2020 4:41 PM",https://bestande.ch/uzh/50821734/chat,20,abcd1234,20201,,"Jul 16, 2020 1:27 PM"
International Macroeconomics (L+E),06/19/2020 12:00 → 07/10/2020 11:02,en,"Jun 19, 2020 12:00 PM","Jul 10, 2020 11:02 AM",https://bestande.ch/uzh/50393659/chat,20,Polymaster4,20201,,"Jul 16, 2020 1:29 PM"
MAT 901 Stochastics,05/29/2020 12:00 → 07/10/2020 8:41,de,"May 29, 2020 12:00 PM","Jul 10, 2020 8:41 AM",https://bestande.ch/uzh/50472439/chat,41,anonymous0,20201,,"Jul 16, 2020 1:31 PM"
Unternehmensbewertung (L+E) (Valuation of the firm),06/24/2020 12:00 → 07/09/2020 15:46,de,"Jun 24, 2020 12:00 PM","Jul 9, 2020 3:46 PM",https://bestande.ch/uzh/50019572/chat,15,uzhhenger,20201,,"Jul 16, 2020 1:32 PM"
Advanced Financial Accounting (L+E),06/15/2020 12:00 → 07/09/2020 15:39,de,"Jun 15, 2020 12:00 PM","Jul 9, 2020 3:39 PM",https://bestande.ch/uzh/50393236/stats,24,@bQm,20201,,"Jul 16, 2020 1:35 PM"
Advanced Banking (L),06/11/2020 16:00 → 07/09/2020 15:37,en,"Jun 11, 2020 4:00 PM","Jul 9, 2020 3:37 PM",https://bestande.ch/uzh/50826915/chat,27,arbitrage4life,20201,,"Jul 16, 2020 1:37 PM"
Switzerland's Media System in Transition,05/25/2020 15:45 → 07/09/2020 15:31,en,"May 25, 2020 3:45 PM","Jul 9, 2020 3:31 PM",https://bestande.ch/uzh/50942159/chat,44,newsdepriviert,20201,,"Jul 16, 2020 1:39 PM"
Advertising,05/29/2020 12:00 → 07/09/2020 15:30,de,"May 29, 2020 12:00 PM","Jul 9, 2020 3:30 PM",https://bestande.ch/uzh/50942162/chat,41,newsdepriviert,20201,,"Jul 16, 2020 1:40 PM"
Software Engineering (L+E),06/17/2020 12:00 → 07/09/2020 15:05,en,"Jun 17, 2020 12:00 PM","Jul 9, 2020 3:05 PM",https://bestande.ch/uzh/50873013/chat,22,Leste Beben,20201,,"Jul 16, 2020 1:42 PM"
UWW 182 Ecosystems and Climate,05/28/2020 14:45 → 07/09/2020 16:16,de,"May 28, 2020 2:45 PM","Jul 9, 2020 4:16 PM",https://bestande.ch/uzh/50774932/chat,42,Nurnoloco,20201,,"Jul 16, 2020 1:43 PM"
Financial Crises (L),06/17/2020 12:00 → 07/08/2020 16:23,en,"Jun 17, 2020 12:00 PM","Jul 8, 2020 4:23 PM",https://bestande.ch/uzh/50976505/chat,21,unilife6,20201,,"Jul 16, 2020 1:45 PM"
Netzwerkoptimierung: Theorie und Anwendungen (VU) (Theory and Applications of Network Optimization),06/12/2020 10:00 → 07/08/2020 16:09,en,"Jun 12, 2020 10:00 AM","Jul 8, 2020 4:09 PM",https://bestande.ch/uzh/50976489/chat,26,Irchelboy,20201,,"Jul 16, 2020 1:48 PM"
Big Data & Social Media,05/25/2020 12:00 → 07/08/2020 14:59,de,"May 25, 2020 12:00 PM","Jul 8, 2020 2:59 PM",https://bestande.ch/uzh/50970548/chat,44,uzhhenger,20201,,"Jul 16, 2020 1:49 PM"
Umweltproblemlösen II,05/27/2020 11:00 → 07/27/2020 13:56,de,"May 27, 2020 11:00 AM","Jul 27, 2020 1:56 PM",https://bestande.ch/eth/701-0008-00L/chat,61,Vorlesungsdude15,20201,,"Jul 28, 2020 9:35 AM"
"Applied Business Modelling and Analytics, Part II (S) (Neural Networks and Deep Learning)",05/23/2020 16:00 → 07/20/2020 15:47,en,"May 23, 2020 4:00 PM","Jul 20, 2020 3:47 PM",https://bestande.ch/uzh/50873101/chat,57,IamFirstHaha,20201,,"Jul 28, 2020 9:36 AM"
"Agent-based modeling for Business, Economics, Informatics and Social Science (L)",06/22/2020 18:00 → 07/20/2020 10:20,de,"Jun 22, 2020 6:00 PM","Jul 20, 2020 10:20 AM",https://bestande.ch/uzh/50941429/chat,27,futuref,20201,,"Jul 28, 2020 9:39 AM"
BIO 148 Introduction to Paleontology,05/26/2020 12:00 → 08/10/2020 19:44,de,"May 26, 2020 12:00 PM","Aug 10, 2020 7:44 PM",https://bestande.ch/uzh/50833394,76,Sigma,20201,,"Jul 28, 2020 9:40 AM"
AST 210 Astronomy Field Trips,07/31/2020 23:59 → 08/04/2020 10:42,de,"Jul 31, 2020 11:59 PM","Aug 4, 2020 10:42 AM",https://bestande.ch/uzh/50889185/chat,3,Chondrichthyles,20201,,"Aug 13, 2020 8:36 AM"
Onlinejournalism,05/25/2020 12:00 → 08/01/2020 14:36,de,"May 25, 2020 12:00 PM","Aug 1, 2020 2:36 PM",https://bestande.ch/uzh/50970553/chat,68,sinfluencer,20201,,"Aug 13, 2020 8:36 AM"
Media Socialization of Adolescents,05/27/2020 15:45 → 07/30/2020 10:54,de,"May 27, 2020 3:45 PM","Jul 30, 2020 10:54 AM",https://bestande.ch/uzh/50970543/chat,63,nemo,20201,,"Aug 13, 2020 8:41 AM"
Digitales Marketing,05/26/2020 9:45 → 07/30/2020 10:21,de,"May 26, 2020 9:45 AM","Jul 30, 2020 10:21 AM",https://bestande.ch/uzh/51000627/chat,65,newsdepriviert,20201,,"Aug 13, 2020 8:43 AM"
Umweltproblemlösen II,05/27/2020 15:00 → 07/27/2020 13:56,de,"May 27, 2020 3:00 PM","Jul 27, 2020 1:56 PM",https://bestande.ch/eth/701-0008-00L/chat,60,Vorlesungsdude15,20201,,"Aug 13, 2020 8:44 AM"
BME 336 Muscle and Bone Bioengineering,10/07/2020 17:00 → 11/03/2020 11:46,de,"Oct 7, 2020 5:00 PM","Nov 3, 2020 11:46 AM",https://bestande.ch/uzh/51002206,26,irchelAvocado15,20202,,"Aug 13, 2020 8:46 AM"
UWW 131 Environmental Economics,10/26/2020 17:00 → 10/30/2020 16:21,de,"Oct 26, 2020 5:00 PM","Oct 30, 2020 4:21 PM",https://bestande.ch/uzh/50898116/chat,3,wandelndebohne,20202,,"Nov 3, 2020 5:20 PM"
Python - A non-technical introduction with applications to Marketing (L),08/28/2020 9:00 → 10/22/2020 12:53,de,"Aug 28, 2020 9:00 AM","Oct 22, 2020 12:53 PM",https://bestande.ch/uzh/50854870/chat,55,züriEnthusiast5,20201,,"Nov 3, 2020 5:31 PM"
BIO 299 Veterinary and wild animal parasitology,10/07/2020 17:00 → 10/20/2020 10:34,de,"Oct 7, 2020 5:00 PM","Oct 20, 2020 10:34 AM",https://bestande.ch/uzh/50917564/chat,12,blyatman69,20201,,"Nov 3, 2020 5:34 PM"
Introduction to Machine Learning,05/26/2020 15:00 → 09/17/2020 1:01,en,"May 26, 2020 3:00 PM","Sep 17, 2020 1:01 AM",https://bestande.ch/eth/252-0220-00L/chat,113,IamFirstHaha,20201,,"Nov 3, 2020 5:53 PM"
Applied Statistical Regression,08/20/2020 11:54 → 09/10/2020 14:08,en,"Aug 20, 2020 11:54 AM","Sep 10, 2020 2:08 PM",https://bestande.ch/eth/401-0649-00L/chat,21,IamFirstHaha,20201,,"Nov 3, 2020 5:53 PM"
Applied Multivariate Statistics,05/25/2020 17:00 → 09/09/2020 19:12,en,"May 25, 2020 5:00 PM","Sep 9, 2020 7:12 PM",https://bestande.ch/eth/401-0102-00L/chat,107,IamFirstHaha,20201,,"Nov 3, 2020 6:01 PM"
Finance with Excel (S),08/22/2020 18:00 → 08/31/2020 8:21,de,"Aug 22, 2020 6:00 PM","Aug 31, 2020 8:21 AM",https://bestande.ch/uzh/50320941/chat,8,herzli,20201,,"Nov 3, 2020 6:02 PM"
Interaktive Marketingkommunikation (VU) (Interactive Marketing Communication),10/21/2020 13:30 → 11/20/2020 7:58,de,"Oct 21, 2020 1:30 PM","Nov 20, 2020 7:58 AM",https://bestande.ch/uzh/50799723/chat,29,kermit,20202,,"Nov 3, 2020 6:05 PM"
BME 355 Pain - Mechanisms and clinical presentations,10/30/2020 17:00 → 11/17/2020 21:08,en,"Oct 30, 2020 5:00 PM","Nov 17, 2020 9:08 PM",https://bestande.ch/uzh/50940684/chat,18,Oerlikonspaghetti6,20202,,"Nov 22, 2020 5:24 PM"
Accounting bootcamp for Master's students (L),09/25/2020 15:00 → 11/11/2020 16:21,en,"Sep 25, 2020 3:00 PM","Nov 11, 2020 4:21 PM",https://bestande.ch/uzh/50997551/chat,47,züriEnthusiast5,20202,,"Nov 22, 2020 5:30 PM"
Marketing Strategy (S),09/03/2020 17:00 → 11/11/2020 8:28,de,"Sep 3, 2020 5:00 PM","Nov 11, 2020 8:28 AM",https://bestande.ch/uzh/50821262/chat,68,Diggi,20202,,"Nov 22, 2020 5:32 PM"
R - a non-technical introduction with applications to Marketing (L),09/11/2020 17:00 → 11/09/2020 12:51,de,"Sep 11, 2020 5:00 PM","Nov 9, 2020 12:51 PM",https://bestande.ch/uzh/50821129/chat,58,kingstylomater,20202,,"Nov 22, 2020 5:33 PM"
Consumer Insights (VU),09/11/2020 16:00 → 11/09/2020 14:25,de,"Sep 11, 2020 4:00 PM","Nov 9, 2020 2:25 PM",https://bestande.ch/uzh/50799715/chat,58,CopyPasta,20202,,"Nov 22, 2020 5:34 PM"
Datenorientierte Programmierung (V+Ü) (Data Oriented Programming),11/02/2020 19:45 → 11/06/2020 22:24,de,"Nov 2, 2020 7:45 PM","Nov 6, 2020 10:24 PM",https://bestande.ch/uzh/50792059/chat,4,zhaw,20202,,"Nov 22, 2020 5:44 PM"
Corporate Entrepreneurship (S),11/05/2020 18:00 → 11/06/2020 8:49,de,"Nov 5, 2020 6:00 PM","Nov 6, 2020 8:49 AM",https://bestande.ch/uzh/50461417/chat,0,Irchelboy,20202,,"Nov 22, 2020 5:46 PM"
Machine Learning - A non-technical introduction with applications to Marketing (L),09/04/2020 17:00 → 11/04/2020 13:39,de,"Sep 4, 2020 5:00 PM","Nov 4, 2020 1:39 PM",https://bestande.ch/uzh/50840902/chat,60,CopyPasta,20202,,"Nov 22, 2020 5:47 PM"
,,,,,,,,,,"Nov 22, 2020 5:48 PM"